use FlokemonStore
go

insert into Staff values
('ST001','Kelise Pugh','kelise.pugh@flokemon.com','0315016516','Female','3100000'),
('ST002','Ada Bishop','adabishop@flokemon.com','0224206589','Female','3250000'),
('ST003','Humphrey Cox','humphreycox@flokemon.com','0212312703','Male','3250000'),
('ST004','Suhayb Stone','suhaybstone@flokemon.com','0315021539','Male','3350000'),
('ST005','Domonic Mcneill','domonicmcneill@flokemon.com','0215359619','Male','4300000'),
('ST006','Tayyib Lugo','tayyiblugo@flokemon.com','0274379101 ','Male','4850000'),
('ST007','Madeleine Maynard','madeleinemaynard@flokemon.com','0217545309','Female','4250000'),
('ST008','Kris Wiley','kriswiley@flokemon.com','0213446569','Male','5100000'),
('ST009','Alysia Sykes','alysiasykes@flokemon.com','0217512033','Female','5500000'),
('ST010','Trey Crawford','treycrawford@flokemon.com','0246582823','Male','2500000')

insert into Customer values
('CU001','Aayush Barclay','0219208841','Male','aayushbarclay@gmail.com'),
('CU002','Eoghan Shannon','0216248351','Female','eoghanshannon@gmail.com'),
('CU003','Milena Colon','0274888865','Female','milenacolon@gmail.com'),
('CU004','Borys Marks','0216591211','Male','borysmarks@gmail.com'),
('CU005','Conall Eaton','0227308232','Male','conalleaton@gmail.com'),
('CU006','Albert North','0214224663','Male','albertnorth@gmail.com'),
('CU007','Lynn Schmitt','02172795709','Female','lynnschmitt@gmail.com'),
('CU008','Brittany Mack','0616614082','Female','brittanymack@gmail.com'),
('CU009','Devin Richmond','0222504905','Male','devinrichmond@gmail.com'),
('CU010','Caiden Newman','0216621695','Male','caidennewman@gmail.com')

insert into Supplier values
('SU001','Ana Amari','Ana@gmail.com','089637186115'),
('SU002','Elizabeth Ashe','Bethashe@gmail.com','081456783411'),
('SU003','Jean Baptiste','Jeantiste@gmail.com','089728385678'),
('SU004','Hana Song','Dva@gmail.com','089639156119'),
('SU005','Akande Ogundimu','Akandoom@gmail.com','08167889143'),
('SU006','Genji Shimada','Genjishi@gmail.com','087183578232'),
('SU007','Jamison Fawkes','Junkfawk@gmail.com','081716815739'),
('SU008','Jesse McCree','Cassidy@gmail.com','089689168715'),
('SU009','Fareeha Amaari','Pharah@gmail.com','087187196178'),
('SU010','Jack Morrison','Jack76@gmail.com','089615671867')

insert into FlokemonType
values
('FT001','GRASS'),
('FT002','FIRE'),
('FT003','WATER'),
('FT004','BUG'),
('FT005','ELECTRIC'),
('FT006','FIGHTING'),
('FT007','NORMAL'),
('FT008','ROCK'),
('FT009','ICE'),
('FT010','STEEL'),
('FT011','GROUND'),
('FT012','DARK'),
('FT013','POISON'),
('FT014','FLYING'),
('FT015','GHOST'),
('FT016','DRAGON'),
('FT017','FAIRY'),
('FT018','PSYCHIC')

insert into Flokemon
values
('FL001','FT002','Charizard','171','170000'),
('FL002','FT001','Virizion','201','350000'),
('FL003','FT015','Gengar','190','140000'),
('FL004','FT018','Mewtwo','1050','777000'),
('FL005','FT013','Drapion','1500','250000'),
('FL006','FT012','Darkrai','240','700000'),
('FL007','FT003','Magikarp','100','11111'),
('FL008','FT003','Relicanth','120','800000'),
('FL009','FT008','Graveler','140','60000'),
('FL010','FT001','Bulbasaur','101','50000'),
('FL011','FT016','Druddigon','207','245000'),
('FL012','FT017','Sylveon','189','340000'),
('FL013','FT014','Skarmory','234','560000'),
('FL014','FT003','Froakie','105','50000'),
('FL015','FT010','Metagross','255','700000'),
('FL016','FT011','Larvitar','120','50000'),
('FL017','FT005','Stunfisk','100','100000'),
('FL018','FT006','Medicham','167','85000'),
('FL019','FT007','Arceus','450','950000'),
('FL020','FT009','Froslass','300','670000'),
('FL021','FT004','Caterpie','100','30000'),
('FL022','FT007','Tauros','230','170000'),
('FL023','FT009','Avalugg','364','470000'),
('FL024','FT002','Moltres','400','830000'),
('FL025','FT015','Trevenant','240','300000')

insert into SalesTransaction
values
('SA001','ST001','CU001','2017-06-23'),
('SA002','ST002','CU002','2017-06-29'),
('SA003','ST004','CU001','2017-07-15'),
('SA004','ST003','CU003','2017-08-09'),
('SA005','ST007','CU004','2017-08-12'),
('SA006','ST007','CU009','2017-08-20'),
('SA007','ST005','CU010','2017-10-12'),
('SA008','ST006','CU005','2017-11-20'),
('SA009','ST009','CU006','2017-12-24'),
('SA010','ST008','CU010','2018-01-01'),
('SA011','ST010','CU007','2018-01-02'),
('SA012','ST010','CU008','2018-01-02'),
('SA013','ST007','CU003','2018-02-05'),
('SA014','ST005','CU001','2018-03-18'),
('SA015','ST008','CU006','2018-04-01')

insert into PurchaseTransaction 
values
('PU001','ST001','SU001','2015-06-08'),
('PU002','ST002','SU002','2015-08-10'),
('PU003','ST003','SU003','2015-09-20'),
('PU004','ST004','SU004','2015-10-09'),
('PU005','ST005','SU005','2015-11-07'),
('PU006','ST006','SU006','2015-12-13'),
('PU007','ST007','SU007','2015-12-15'),
('PU008','ST008','SU008','2015-12-20'),
('PU009','ST009','SU009','2015-12-27'),
('PU010','ST010','SU010','2016-01-10'),
('PU011','ST009','SU009','2016-02-13'),
('PU012','ST009','SU009','2016-08-23'),
('PU013','ST008','SU008','2016-10-25'),
('PU014','ST007','SU007','2016-11-26'),
('PU015','ST006','SU006','2016-12-01')

insert into SalesTransactionDetail
values
('SA001','FL002','10'),
('SA001','FL008','2'),
('SA002','FL003','8'),
('SA003','FL001','3'),
('SA004','FL023','1'),
('SA004','FL020','2'),
('SA005','FL005','1'),
('SA005','FL008','4'),
('SA005','FL009','9'),
('SA006','FL010','2'),
('SA006','FL012','7'),
('SA007','FL019','12'),
('SA008','FL004','2'),
('SA008','FL006','1'),
('SA008','FL007','7'),
('SA009','FL011','5'),
('SA010','FL013','6'),
('SA010','FL014','3'),
('SA010','FL015','10'),
('SA010','FL016','11'),
('SA010','FL017','12'),
('SA011','FL018','20'),
('SA011','FL021','10'),
('SA012','FL022','17'),
('SA013','FL024','7'),
('SA013','FL025','5'),
('SA014','FL018','9'),
('SA014','FL025','1'),
('SA015','FL013','6'),
('SA015','FL015','7')

insert into PurchaseTransactionDetail 
values
('PU001','FL002','27'),
('PU001','FL008','26'),
('PU002','FL003','25'),
('PU003','FL001','29'),
('PU004','FL023','25'),
('PU004','FL020','30'),
('PU005','FL005','31'),
('PU005','FL008','35'),
('PU005','FL009','29'),
('PU006','FL010','30'),
('PU006','FL012','26'),
('PU007','FL019','27'),
('PU008','FL004','28'),
('PU008','FL006','31'),
('PU008','FL007','37'),
('PU009','FL011','25'),
('PU010','FL013','36'),
('PU010','FL014','33'),
('PU010','FL015','26'),
('PU010','FL016','32'),
('PU010','FL017','32'),
('PU011','FL018','36'),
('PU011','FL021','27'),
('PU012','FL022','37'),
('PU013','FL024','39'),
('PU013','FL025','27'),
('PU014','FL018','35'),
('PU014','FL025','34'),
('PU015','FL013','36'),
('PU015','FL015','37')
